Identification,courses,clshrs,orgs,meets,support,offcam,home,finaid,adeq
1126,2,3,1,5,1,4,1,2,NA
223,2,5,2,NA,1,4,4,1,1
687,1,5,1,5,1,4,2,1,2
1756,2,4,2,NA,1,4,1,2,NA
251,3,5,2,NA,2,3,4,2,NA
1077,1,5,1,4,2,4,2,1,2
420,2,5,2,NA,1,5,4,1,2
1616,1,2,1,3,1,3,4,1,1
1591,2,4,1,4,2,1,4,1,2
1747,1,5,1,3,1,3,4,1,1
1258,2,5,1,3,1,5,3,2,NA
701,2,4,1,2,1,5,4,2,NA
974,2,4,1,3,1,3,4,1,2
478,2,3,2,NA,1,4,4,1,2
1362,2,5,1,2,2,1,3,1,1
156,2,5,2,NA,1,3,1,2,NA
257,2,4,1,2,1,1,3,2,NA
753,2,1,1,2,1,2,4,1,1
200,3,2,2,NA,1,4,4,2,NA
1473,2,4,1,4,1,5,4,2,NA
869,2,2,1,4,1,3,1,2,NA
1531,2,2,1,2,2,4,3,1,2
1533,2,4,1,3,2,3,1,2,NA
1152,4,3,2,NA,2,5,4,2,NA
198,2,4,1,4,1,5,2,1,1
1347,3,5,1,4,1,5,1,1,2
1790,2,5,1,4,2,5,4,2,NA
1231,1,5,1,5,1,5,1,1,2
750,2,4,1,2,1,2,4,2,NA
413,3,5,1,5,2,3,4,2,NA
1193,2,5,2,NA,1,5,3,1,1
1113,1,5,2,NA,1,5,4,2,NA
646,2,2,2,NA,2,5,4,1,1
319,4,5,1,2,2,4,4,2,NA
1227,2,3,2,NA,2,2,4,2,NA
703,3,4,1,2,2,5,2,2,NA
1308,2,1,1,4,1,4,3,2,NA
410,3,3,2,NA,2,3,4,2,NA
62,2,1,1,1,1,3,1,1,1
638,2,4,2,NA,1,3,4,1,1
1536,1,5,1,3,2,3,4,2,NA
519,2,4,1,3,1,2,4,2,NA
1814,1,5,1,4,2,1,2,1,1
1381,2,4,2,NA,1,4,2,1,2
714,4,3,2,NA,1,4,4,1,1
247,3,5,1,2,2,4,4,2,NA
1510,3,5,2,NA,1,5,1,2,NA
54,2,5,1,4,1,3,4,1,2
1405,4,4,1,4,1,3,4,2,NA
929,2,3,1,2,1,3,4,2,NA
1172,3,5,2,NA,1,5,1,2,NA
12,2,2,2,NA,1,3,4,1,1
493,3,5,1,5,1,2,4,1,1
1015,2,5,1,5,1,5,3,2,NA
423,2,5,2,NA,1,5,1,2,NA
1745,2,5,2,NA,1,4,4,1,2
256,2,3,1,5,2,2,3,1,1
784,3,5,2,NA,1,3,4,2,NA
931,2,5,2,NA,2,3,1,1,1
371,3,3,2,NA,1,3,4,1,1
634,1,1,2,NA,1,5,4,1,1
1087,3,5,2,NA,2,1,4,1,2
683,1,4,1,2,2,1,4,2,NA
885,2,4,1,2,2,2,4,1,1
828,2,2,1,2,1,2,4,2,NA
1744,2,3,1,4,1,2,1,2,NA
1465,3,5,1,4,1,5,3,2,NA
1489,2,4,1,3,1,1,4,1,1
700,2,1,1,4,1,4,4,1,1
650,3,3,1,2,1,5,2,1,2
1819,1,5,1,2,1,5,4,1,1
1292,2,4,1,2,1,3,4,1,1
1207,1,5,2,NA,1,2,2,1,2
976,2,3,2,NA,2,3,3,1,1
1365,3,5,2,NA,1,5,3,2,NA
1604,2,3,1,1,1,3,4,2,NA
810,3,4,1,4,1,5,2,2,NA
1102,1,4,2,NA,2,4,2,2,NA
1030,3,4,1,2,1,4,2,1,1
779,4,4,1,3,1,4,4,1,2
22,1,5,1,3,1,1,4,1,1
1770,2,2,2,NA,1,3,2,1,2
1613,3,5,2,NA,1,3,3,2,NA
1005,2,5,1,2,1,4,3,1,1
1760,4,1,1,2,2,4,2,2,NA
1037,2,5,2,NA,1,1,3,1,1
1480,2,5,1,2,2,4,4,2,NA
749,2,2,2,NA,1,5,4,1,1
434,3,5,1,4,2,4,4,1,1
203,3,4,1,2,2,5,4,2,NA
1366,2,4,1,2,1,5,4,1,1
1573,3,5,2,NA,2,5,4,1,2
388,2,3,2,NA,1,2,4,2,NA
1361,3,5,1,4,2,5,4,2,NA
824,2,3,2,NA,1,5,4,1,1
1653,2,5,1,2,1,5,4,2,NA
1236,2,1,1,3,1,4,2,1,2
132,4,4,1,3,2,5,4,1,1
1058,2,5,1,5,1,3,4,1,2
534,2,5,2,NA,1,3,4,1,2
1701,2,1,2,NA,1,5,3,1,1
513,1,3,2,NA,1,3,2,1,2
1372,3,3,1,2,1,5,4,1,1
178,3,3,1,4,1,5,4,1,1
419,2,3,1,3,1,4,4,2,NA
592,2,5,2,NA,1,3,1,2,NA
263,3,4,1,2,1,3,4,1,2
1170,4,5,1,4,1,4,4,2,NA
927,3,1,1,2,1,5,4,1,2
482,2,5,1,5,1,4,2,1,2
1323,2,5,2,NA,1,3,4,2,NA
49,3,5,1,4,1,4,2,1,2
30,2,5,1,3,2,5,4,1,1
363,1,5,1,1,1,5,3,1,2
1111,3,4,1,4,1,4,2,1,1
496,2,5,2,NA,1,4,4,2,NA
1028,1,4,2,NA,1,4,4,2,NA
316,4,5,1,3,1,3,1,2,NA
539,2,5,1,2,2,3,4,1,1
923,1,4,1,4,1,4,4,2,NA
1622,3,5,1,2,1,3,1,2,NA
1242,3,1,1,1,1,2,1,2,NA
75,2,2,2,NA,1,4,4,1,1
411,2,4,1,4,1,4,4,1,1
1006,3,5,2,NA,1,4,4,1,2
260,3,4,2,NA,1,4,2,1,1
1264,2,3,1,3,2,5,4,2,NA
253,3,3,1,2,1,4,1,2,NA
1649,1,5,1,2,1,3,2,1,2
1706,2,1,1,2,1,3,4,1,2
1488,2,5,2,NA,1,2,4,1,1
148,1,5,1,5,1,3,4,1,1
709,1,1,2,NA,2,3,4,1,2
1293,2,4,1,5,2,2,1,2,NA
1702,2,3,1,4,1,3,4,1,1
1738,2,2,1,2,1,4,4,1,2
1427,2,2,1,1,1,2,2,1,1
1601,2,4,1,2,1,3,2,1,1
1177,2,3,2,NA,1,4,3,1,1
199,1,2,2,NA,1,3,4,1,1
596,1,1,2,NA,1,3,4,2,NA
1576,2,2,1,2,1,4,2,1,1
969,2,5,1,3,1,4,2,1,1
1560,2,4,1,5,2,3,4,1,1
360,3,2,2,NA,1,3,3,1,1
1173,1,1,1,4,1,3,4,2,NA
740,2,5,1,2,2,4,4,1,2
1727,3,5,1,4,2,4,1,1,2
894,2,5,2,NA,1,5,4,1,1
1685,1,3,2,NA,1,1,4,1,1
227,4,5,1,5,1,4,1,2,NA
1469,2,4,2,NA,1,2,4,1,1
800,3,5,1,3,2,1,3,1,2
958,2,5,1,2,1,3,4,2,NA
465,2,4,2,NA,2,3,4,2,NA
1647,3,4,1,2,1,3,2,1,1
19,3,5,2,NA,1,5,4,2,NA
632,2,5,2,NA,1,5,2,1,1
1174,1,4,1,4,1,5,4,2,NA
1002,3,3,2,NA,1,5,4,2,NA
848,2,4,1,2,2,5,4,2,NA
422,3,2,1,4,1,5,4,1,1
80,2,4,2,NA,1,5,4,1,2
707,3,5,2,NA,1,4,4,2,NA
1487,3,3,2,NA,1,4,2,1,1
1682,1,5,1,2,1,4,4,2,NA
1828,2,4,2,NA,2,5,4,1,2
114,2,2,2,NA,1,5,4,2,NA
746,4,4,2,NA,1,5,2,1,1
643,3,3,1,2,1,5,4,2,NA
1060,2,4,2,NA,2,4,2,1,2
973,2,3,1,2,2,3,4,2,NA
830,1,5,1,3,1,3,4,1,2
1657,2,5,1,3,1,4,4,1,2
364,2,2,1,4,2,4,4,2,NA
569,3,5,1,2,1,1,4,1,2
1822,3,5,1,2,1,4,3,2,NA
489,1,2,2,NA,1,5,4,2,NA
1505,2,5,1,3,1,2,4,2,NA
897,2,3,2,NA,2,4,4,2,NA
1448,3,4,2,NA,2,4,4,2,NA
953,2,2,1,2,2,3,4,2,NA
7,2,4,2,NA,1,4,2,2,NA
1481,4,5,2,NA,1,4,4,1,2
310,2,4,1,4,2,2,4,1,1
27,3,3,2,NA,2,4,4,2,NA
552,3,5,1,2,2,3,2,1,1
1443,2,2,1,1,2,4,4,2,NA
1569,2,2,1,2,1,3,4,1,1
1457,2,4,2,NA,1,4,1,1,1
840,2,4,1,4,1,3,4,1,1
1053,2,1,1,4,1,3,4,1,1
431,1,3,2,NA,1,3,1,2,NA
490,1,3,1,3,1,1,4,1,1
279,2,4,1,5,1,2,4,1,2
933,2,5,1,1,1,4,3,1,2
1180,2,4,2,NA,1,3,4,1,1
965,1,3,2,NA,1,2,4,2,NA
1257,2,3,2,NA,2,3,4,2,NA
1509,4,4,1,2,1,3,4,2,NA
241,2,4,2,NA,1,3,1,1,2
73,2,4,1,4,2,3,1,1,1
345,1,5,1,2,1,4,4,2,NA
1397,2,3,2,NA,1,4,4,1,2
811,2,3,2,NA,1,1,1,2,NA
1430,2,2,1,2,1,4,4,1,1
1270,1,5,1,3,1,4,1,2,NA
1776,1,3,1,1,1,3,4,2,NA
1655,2,3,1,5,1,3,4,1,2
850,2,5,2,NA,1,3,4,2,NA
1506,3,5,2,NA,1,5,4,1,2
759,4,5,2,NA,1,4,4,2,NA
1388,1,3,1,2,2,2,4,2,NA
665,2,4,2,NA,2,4,4,2,NA
122,1,4,1,3,1,3,4,2,NA
1725,1,3,1,4,1,5,4,1,1
1139,2,4,2,NA,2,2,1,2,NA
355,2,3,2,NA,2,1,4,1,1
1551,2,4,2,NA,1,3,4,2,NA
1694,3,2,1,4,2,4,2,2,NA
82,2,5,1,2,1,4,4,2,NA
1351,2,4,1,2,2,4,4,1,2
615,2,4,2,NA,1,4,4,2,NA
1690,2,4,1,2,1,3,3,1,2
330,2,5,1,3,1,5,4,1,2
1792,3,1,1,5,1,3,4,1,1
1339,1,1,1,5,1,5,2,1,2
952,2,1,1,1,1,4,3,1,2
727,2,3,1,2,1,3,4,1,1
1527,1,2,1,3,1,5,1,1,1
585,2,5,1,4,1,3,4,2,NA
1360,2,4,2,NA,2,2,4,1,1
1097,2,4,2,NA,1,4,4,2,NA
526,2,5,2,NA,1,4,4,2,NA
1583,4,5,2,NA,2,4,3,1,2
344,2,4,2,NA,2,4,4,2,NA
116,1,4,2,NA,2,3,1,2,NA
1544,2,1,1,4,1,5,4,2,NA
1346,2,5,1,3,1,1,4,2,NA
987,3,1,1,5,1,1,4,1,2
1067,3,5,1,2,1,5,4,1,1
1229,2,5,1,1,1,4,4,2,NA
1224,2,5,2,NA,1,3,4,1,2
1582,3,4,1,4,1,5,4,1,1
546,2,2,1,3,1,3,4,1,1
1191,1,3,2,NA,1,5,4,2,NA
42,1,5,1,2,1,1,3,1,1
1421,4,5,1,4,1,4,4,2,NA
522,2,5,1,3,2,4,4,2,NA
1135,2,4,1,3,1,4,4,1,1
1189,4,2,2,NA,1,2,1,2,NA
1261,1,3,1,1,1,2,4,1,1
1763,2,4,2,NA,1,4,4,2,NA
184,2,1,2,NA,1,5,4,2,NA
705,2,4,2,NA,1,4,1,2,NA
1777,3,4,2,NA,1,3,4,2,NA
1633,2,4,1,4,1,4,2,1,2
1497,1,3,2,NA,1,4,4,1,2
1084,4,2,2,NA,1,4,1,2,NA
13,2,3,1,1,1,4,4,2,NA
1340,1,3,2,NA,1,4,2,1,1
303,2,5,1,4,2,4,4,1,2
1495,2,1,1,5,2,4,1,2,NA
914,2,2,1,4,2,2,4,1,1
1377,1,5,1,1,1,3,2,1,1
1562,1,5,2,NA,1,4,4,2,NA
1470,2,3,1,4,1,3,4,2,NA
1263,2,1,1,2,2,4,4,2,NA
611,2,5,1,4,2,2,4,1,2
1131,3,4,1,2,2,5,3,1,1
1508,1,4,1,1,2,2,4,2,NA
1288,1,2,1,4,1,4,2,1,1
1446,3,3,1,2,2,4,1,2,NA
1059,1,4,1,3,1,5,4,2,NA
1731,1,3,1,4,2,4,4,2,NA
1476,3,5,1,2,2,2,4,1,1
801,2,5,1,2,2,4,1,2,NA
459,3,5,2,NA,1,5,4,1,1
226,2,5,1,4,2,2,4,1,2
445,2,5,1,1,1,2,4,1,1
642,2,5,2,NA,1,4,4,1,2
1486,2,4,1,3,1,5,2,1,2
254,3,1,2,NA,1,4,4,2,NA
1163,1,2,2,NA,1,2,4,1,2
246,2,5,1,2,1,3,4,1,1
793,2,5,2,NA,1,4,2,1,2
1712,4,5,1,2,1,4,1,2,NA
1707,4,5,1,3,1,4,1,2,NA
34,4,3,1,4,1,4,1,2,NA
446,1,5,2,NA,1,4,4,1,2
1032,4,5,1,3,1,4,4,2,NA
1305,3,2,2,NA,1,4,4,1,1
471,2,2,1,3,1,5,1,2,NA
769,2,1,1,2,1,3,4,1,1
1432,1,5,2,NA,1,5,4,1,1
1823,2,5,1,2,1,4,3,2,NA
839,3,1,2,NA,1,1,4,2,NA
1326,2,5,1,4,1,4,4,1,1
44,3,5,1,3,1,2,4,2,NA
1607,2,5,2,NA,2,5,2,1,1
1073,1,5,1,5,1,3,2,1,1
604,3,5,2,NA,2,4,4,2,NA
57,3,4,2,NA,1,2,4,2,NA
1762,4,1,2,NA,2,5,1,2,NA
142,3,5,2,NA,1,3,4,2,NA
1636,2,5,2,NA,1,2,4,1,2
234,2,2,1,4,1,5,2,1,1
473,1,5,1,3,2,5,4,1,1
1143,4,4,1,4,1,2,3,1,1
113,4,1,1,4,1,5,1,2,NA
1621,2,3,2,NA,1,4,4,1,2
571,2,4,1,4,2,4,2,1,1
1239,2,4,1,1,1,4,4,2,NA
791,3,5,2,NA,1,2,4,1,2
369,3,3,2,NA,2,4,4,2,NA
387,2,5,1,1,1,4,4,1,1
1463,1,4,1,2,1,5,4,1,2
781,2,3,1,2,2,5,4,2,NA
599,3,5,1,4,1,5,4,1,1
1577,1,5,1,3,1,5,2,2,NA
95,4,3,1,1,2,3,4,1,1
967,2,4,1,1,1,4,4,2,NA
1454,2,3,1,3,2,3,4,1,2
1584,2,5,2,NA,1,3,4,1,1
1132,1,4,2,NA,2,3,4,1,1
1262,4,5,1,3,1,5,4,2,NA
1609,2,3,2,NA,2,4,1,2,NA
1522,2,3,1,4,1,1,4,1,1
588,1,3,1,3,2,4,4,1,2
374,2,4,1,2,1,4,4,1,1
928,4,5,2,NA,1,5,1,2,NA
1675,1,4,1,1,1,4,1,2,NA
1750,1,4,1,1,1,4,4,2,NA
1482,1,5,1,2,1,2,2,1,2
380,1,5,1,2,2,4,4,2,NA
1284,3,5,2,NA,2,4,4,1,1
1417,2,2,2,NA,2,5,2,1,1
692,2,5,1,4,1,4,4,1,1
1074,2,4,1,2,1,3,3,1,2
296,1,2,1,3,1,3,4,1,1
1595,2,3,1,5,1,4,2,1,2
1571,4,5,1,3,1,1,4,2,NA
209,3,5,1,2,1,2,2,1,2
1031,1,4,2,NA,1,2,4,1,2
670,2,3,1,4,1,4,3,1,1
1499,3,5,1,3,1,4,4,1,1
846,2,4,1,3,1,4,4,2,NA
1808,1,3,2,NA,1,2,4,2,NA
674,2,4,1,2,1,3,4,2,NA
1083,1,3,2,NA,2,3,2,1,1
757,2,1,1,1,1,2,4,1,1
1825,2,3,1,4,1,5,1,2,NA
883,2,3,2,NA,1,5,3,1,2
880,1,5,1,4,2,3,2,1,1
1464,1,3,1,4,2,4,4,2,NA
797,2,3,2,NA,1,4,3,1,1
1440,4,4,1,3,1,4,2,1,1
141,2,2,2,NA,1,2,4,2,NA
957,1,3,1,4,1,2,4,2,NA
545,1,5,1,1,2,5,4,2,NA
325,2,2,2,NA,1,5,4,1,1
499,2,5,2,NA,1,5,4,1,2
1344,2,5,2,NA,1,2,4,1,2
1238,1,4,2,NA,1,3,4,2,NA
204,2,4,1,4,1,1,2,1,1
528,3,5,2,NA,2,4,4,1,1
516,2,4,2,NA,1,3,4,1,2
855,4,3,1,4,1,2,4,1,1
1108,3,5,2,NA,1,1,4,1,1
1667,2,3,2,NA,1,4,4,1,2
868,2,4,2,NA,1,5,2,1,1
729,1,5,1,3,1,5,4,2,NA
998,1,3,2,NA,2,3,4,2,NA
1821,4,5,2,NA,2,4,4,1,2
181,2,5,1,2,2,2,1,1,1
175,3,4,2,NA,2,2,2,1,1
1253,4,5,1,5,1,3,4,2,NA
1734,2,5,1,2,2,4,4,2,NA
276,1,3,2,NA,2,1,4,1,1
437,2,4,1,4,1,3,3,2,NA
874,2,5,1,2,1,2,4,2,NA
1150,4,5,1,2,1,4,3,1,2
1460,3,4,1,4,1,4,1,1,2
131,2,3,2,NA,2,5,1,2,NA
1754,3,4,1,2,1,4,2,1,2
1246,2,2,1,4,1,1,4,1,1
144,2,1,1,4,1,4,4,1,1
470,3,3,2,NA,2,5,4,2,NA
887,3,4,1,2,1,4,4,1,2
1210,3,5,1,4,1,5,4,1,1
1500,2,4,1,3,1,3,2,1,2
1718,3,3,2,NA,2,5,1,2,NA
304,2,5,2,NA,2,4,4,1,1
1228,1,5,2,NA,1,5,4,1,1
751,1,5,2,NA,1,5,1,1,1
812,2,4,2,NA,1,4,4,1,2
1798,3,5,1,3,1,4,4,1,1
1199,4,2,2,NA,1,5,4,2,NA
1722,2,1,2,NA,2,2,4,2,NA
1024,3,5,2,NA,2,3,4,1,1
368,1,4,1,3,1,5,2,2,NA
963,2,4,1,2,1,3,4,1,2
581,2,4,1,2,2,4,2,1,1
896,4,5,1,4,1,3,4,1,1
302,2,5,1,2,2,3,3,1,1
313,2,5,2,NA,2,5,4,2,NA
995,3,5,2,NA,1,4,4,2,NA
1282,2,4,1,5,1,2,4,1,2
1355,2,4,2,NA,2,5,1,2,NA
1022,1,5,1,2,1,4,4,2,NA
744,2,3,1,2,1,4,4,1,1
570,2,5,1,2,2,5,4,2,NA
403,3,5,2,NA,2,5,4,1,2
529,2,1,2,NA,1,4,2,1,1
1409,2,5,2,NA,1,4,4,1,1
1751,2,5,1,2,1,3,4,1,1
1643,2,5,2,NA,1,2,4,1,2
575,2,2,1,4,1,5,4,1,2
1141,2,2,1,2,1,2,4,1,1
1516,2,4,1,1,1,5,2,1,1
1169,2,4,1,3,1,3,2,2,NA
1679,2,5,1,4,1,4,4,1,1
1106,2,5,1,2,1,5,1,1,2
1237,4,5,1,2,1,3,4,2,NA
1605,3,5,2,NA,2,4,4,1,2
1817,3,5,1,1,2,5,4,1,1
659,2,1,2,NA,2,4,4,2,NA
179,2,2,1,1,1,5,2,1,1
1401,3,5,1,1,1,3,2,1,1
735,2,4,1,4,2,3,4,2,NA
1010,3,3,1,4,2,3,4,1,1
235,4,5,2,NA,2,3,2,1,1
804,2,5,1,2,2,4,2,1,2
1689,2,3,2,NA,1,4,4,1,1
1812,4,4,1,4,1,5,4,1,2
1049,2,3,2,NA,1,4,4,1,2
862,1,4,1,2,1,5,2,2,NA
549,3,4,1,1,1,2,4,1,1
352,2,2,1,3,2,4,3,2,NA
623,3,5,2,NA,2,3,4,1,1
1767,3,5,1,2,1,4,2,1,1
1758,2,5,1,2,1,5,4,1,1
662,4,3,1,3,1,3,4,2,NA
307,2,4,2,NA,1,3,4,2,NA
1645,2,3,1,2,1,5,4,1,1
1223,2,4,1,4,2,3,4,1,2
99,3,4,1,1,1,4,1,2,NA
158,2,4,1,2,1,3,2,1,2
379,2,4,1,4,1,4,4,2,NA
548,3,5,1,4,2,3,4,1,2
500,2,3,2,NA,2,4,2,1,1
127,2,3,2,NA,2,5,4,2,NA
1145,2,4,2,NA,1,4,4,2,NA
514,1,2,1,2,1,2,1,2,NA
155,3,1,2,NA,1,5,2,2,NA
1342,2,2,1,1,2,2,3,1,1
215,1,4,1,2,2,4,4,2,NA
737,1,2,2,NA,1,3,4,2,NA
657,2,2,2,NA,1,5,1,1,1
676,4,3,1,4,1,4,4,1,2
292,3,1,1,2,2,4,1,2,NA
1418,2,4,2,NA,1,2,4,1,1
1134,3,2,1,2,1,2,4,2,NA
219,2,5,1,4,1,5,4,1,2
1504,2,5,1,4,1,3,4,1,2
1289,2,4,1,2,1,5,1,1,1
1302,2,4,2,NA,1,4,4,1,1
821,1,4,2,NA,1,3,4,2,NA
1543,2,1,1,1,1,5,1,2,NA
1492,3,5,2,NA,1,3,2,1,2
826,3,5,2,NA,1,5,4,1,1
1129,2,4,1,3,1,4,2,2,NA
1125,2,4,1,4,1,4,4,1,1
70,1,5,2,NA,2,3,3,1,2
854,3,5,2,NA,2,5,4,1,1
1124,1,2,1,4,1,1,2,1,2
334,2,5,2,NA,1,3,2,2,NA
755,1,5,1,4,1,4,4,1,2
970,3,5,2,NA,1,2,3,2,NA
432,1,4,2,NA,1,5,4,1,1
915,4,4,1,2,1,4,4,2,NA
796,1,5,2,NA,1,5,3,2,NA
706,3,5,1,2,1,3,4,1,1
1774,2,1,1,1,1,4,4,1,2
1688,1,3,2,NA,2,4,4,1,2
460,3,5,1,2,1,4,4,1,1
105,2,4,1,2,1,2,2,1,1
739,3,5,1,2,1,2,4,1,2
1313,2,4,1,2,1,4,4,1,1
291,2,2,1,5,1,3,1,2,NA
165,2,3,1,4,1,4,3,1,2
1120,2,3,1,1,1,5,4,2,NA
1085,4,5,1,2,2,5,4,1,1
1096,2,4,2,NA,1,4,4,1,1
406,2,5,1,2,1,2,1,2,NA
285,2,4,1,2,2,3,1,2,NA
817,2,4,2,NA,1,2,4,1,1
21,2,5,1,4,1,4,4,1,1
1280,2,3,2,NA,2,4,4,1,1
654,2,5,2,NA,1,2,4,2,NA
554,3,3,1,4,1,3,4,1,1
336,3,3,1,2,1,4,4,2,NA
1324,2,5,1,2,1,4,2,1,2
1407,1,5,2,NA,1,4,1,1,1
486,2,4,1,4,1,4,1,2,NA
741,1,5,1,3,1,3,4,2,NA
918,3,5,1,4,1,4,3,1,1
346,4,5,1,3,2,2,2,1,1
786,1,5,2,NA,2,5,2,1,2
943,2,5,1,2,2,3,4,1,1
248,2,5,1,5,1,2,4,1,1
109,1,5,1,2,1,4,4,1,1
485,2,5,1,2,1,5,4,2,NA
170,2,4,2,NA,2,4,1,1,1
1016,2,5,1,4,1,1,4,2,NA
911,2,4,1,2,1,3,3,2,NA
908,2,4,1,3,2,4,4,1,1
859,3,1,1,1,1,3,4,2,NA
1205,3,1,2,NA,1,4,4,1,2
710,2,4,2,NA,1,3,4,2,NA
655,1,3,1,2,1,2,4,1,1
920,1,3,2,NA,2,4,4,2,NA
162,1,4,1,5,1,1,1,2,NA
461,2,3,1,4,2,5,4,1,1
1824,4,5,2,NA,1,3,4,1,1
182,4,3,1,5,2,3,2,1,1
758,2,3,1,1,2,3,4,1,2
1574,2,4,2,NA,2,4,1,2,NA
259,1,3,2,NA,1,2,4,2,NA
1619,2,5,1,2,1,3,4,1,2
125,4,5,1,1,1,4,2,1,1
1267,2,3,1,3,1,4,4,2,NA
578,4,4,1,4,1,3,4,2,NA
863,1,3,1,2,1,3,4,2,NA
989,1,1,1,1,1,5,4,2,NA
1797,2,4,2,NA,1,4,4,2,NA
1142,1,1,1,1,1,4,2,1,2
1416,2,4,1,2,1,5,4,2,NA
904,2,4,1,3,1,3,4,1,1
1698,2,4,1,3,1,2,4,2,NA
1089,3,5,1,5,1,5,4,1,1
877,3,5,2,NA,1,5,3,2,NA
556,2,4,1,1,1,3,4,2,NA
639,4,5,2,NA,1,3,4,1,1
807,4,1,2,NA,1,4,4,2,NA
937,4,3,1,4,1,4,4,1,1
1146,2,5,2,NA,2,4,4,1,1
301,2,3,1,2,2,4,4,2,NA
1521,2,5,1,2,2,3,4,1,1
1181,2,3,1,1,1,5,3,1,1
64,4,5,2,NA,1,2,4,1,2
1230,2,3,2,NA,1,5,4,1,2
1697,3,5,1,4,2,3,1,1,2
658,1,2,1,3,1,4,4,1,2
322,3,5,2,NA,1,3,3,1,1
1634,4,5,1,5,2,2,4,2,NA
1629,2,4,1,5,1,2,1,2,NA
760,4,4,1,2,1,4,4,1,1
743,2,5,1,1,1,3,4,1,2
1195,1,4,1,4,1,2,4,1,1
180,4,5,1,1,1,2,4,1,1
865,3,4,2,NA,1,5,4,2,NA
1045,3,4,1,2,1,4,1,1,1
96,3,5,1,4,2,3,4,2,NA
201,2,4,1,3,1,4,4,1,1
847,1,3,1,4,2,3,1,1,1
1136,2,2,2,NA,1,4,4,1,1
447,2,5,2,NA,1,4,4,1,2
1677,4,5,1,5,1,4,4,2,NA
1623,3,5,2,NA,1,1,4,2,NA
1617,1,4,1,4,1,2,2,1,1
1542,4,5,1,2,1,5,1,1,1
1676,1,4,1,3,1,1,2,1,1
1740,1,3,2,NA,2,4,4,2,NA
24,2,3,1,3,2,4,4,2,NA
94,1,2,1,5,1,3,4,2,NA
1640,3,5,1,2,2,5,4,2,NA
1429,1,1,1,2,1,4,4,1,1
774,1,5,2,NA,2,5,4,1,1
323,1,3,1,5,1,3,4,1,1
816,3,1,1,4,2,2,4,1,2
640,2,1,1,4,1,2,4,1,2
720,2,4,1,4,1,5,2,1,1
1156,3,2,1,1,1,4,4,1,1
747,2,1,2,NA,1,4,4,1,1
457,1,4,1,4,1,1,4,2,NA
503,4,5,2,NA,1,3,4,2,NA
1312,1,5,1,2,1,4,1,1,1
977,3,5,1,2,1,4,1,2,NA
1387,3,4,1,2,1,3,4,1,1
399,1,2,1,4,1,2,4,1,1
449,1,3,1,3,1,5,4,1,1
619,1,4,1,3,2,4,4,1,1
1646,4,5,2,NA,2,5,4,1,1
1367,2,1,1,2,1,2,4,1,1
339,2,3,1,4,1,5,4,2,NA
912,2,2,1,2,2,1,1,1,1
1462,2,3,1,2,1,3,4,1,1
1115,1,4,1,2,2,4,4,2,NA
1116,4,5,1,4,1,1,4,2,NA
1709,2,5,1,1,1,2,4,2,NA
1358,2,2,1,2,1,4,1,1,1
1512,1,3,1,3,1,3,2,1,1
421,2,2,2,NA,1,4,4,2,NA
1093,2,5,1,4,2,5,4,2,NA
274,3,5,1,4,1,3,4,1,1
1578,3,1,2,NA,1,4,4,1,1
1779,3,4,2,NA,1,3,4,1,1
299,4,4,1,4,1,4,4,2,NA
138,2,5,2,NA,2,2,4,2,NA
1294,3,5,1,2,1,3,4,2,NA
842,2,3,1,4,1,4,4,1,2
916,3,3,2,NA,1,5,4,1,1
690,1,4,2,NA,2,4,2,1,1
1368,2,4,2,NA,1,2,2,1,1
1020,3,5,1,2,1,4,1,2,NA
1008,1,4,2,NA,1,5,4,1,1
1154,2,4,2,NA,1,3,4,2,NA
694,2,2,1,2,1,3,4,1,1
214,2,1,1,2,1,4,4,2,NA
878,2,5,1,4,1,5,1,2,NA
278,2,4,1,4,1,4,1,2,NA
137,2,5,1,4,1,2,4,1,1
1301,2,5,1,1,2,5,1,2,NA
454,3,3,1,1,1,1,2,1,1
1188,2,5,2,NA,1,2,4,2,NA
26,1,5,1,2,1,5,4,1,1
677,1,3,1,4,1,4,4,1,1
1791,2,3,1,2,2,4,4,1,2
1384,3,5,2,NA,2,5,4,1,1
1075,3,2,1,4,1,1,4,2,NA
1190,1,4,1,4,1,3,4,2,NA
598,1,4,2,NA,2,4,3,1,2
1104,2,4,1,4,1,1,4,1,2
1307,2,2,1,4,1,5,4,1,2
312,3,2,1,2,1,4,1,2,NA
1007,1,2,2,NA,1,3,4,1,1
1537,1,2,1,1,1,5,4,1,2
955,3,5,1,2,1,5,4,1,1
1834,3,2,1,5,1,4,4,2,NA
1664,2,3,1,2,1,4,4,1,1
6,2,3,2,NA,1,4,3,1,2
1321,3,1,1,3,1,4,4,1,1
1549,3,3,1,2,1,5,2,1,2
1561,3,3,1,2,1,5,4,1,1
377,1,2,1,2,1,3,4,2,NA
1214,1,2,2,NA,1,2,4,2,NA
1466,4,3,1,1,1,4,2,1,1
1502,2,4,2,NA,2,4,4,2,NA
1540,2,3,1,2,1,3,4,2,NA
566,2,5,1,4,1,3,4,2,NA
530,4,4,2,NA,2,3,4,1,2
1286,3,3,1,2,1,2,4,1,2
882,2,4,1,4,1,5,4,1,1
1783,2,5,2,NA,1,3,2,1,1
398,3,5,1,3,2,4,4,1,2
121,3,3,1,5,1,4,4,2,NA
564,3,5,1,4,2,3,4,1,2
602,3,3,2,NA,1,4,2,1,1
453,2,4,2,NA,1,5,4,1,1
1356,3,5,2,NA,2,4,4,2,NA
1590,2,2,2,NA,1,3,4,2,NA
1202,2,5,2,NA,2,4,4,2,NA
239,2,3,1,2,1,5,4,1,1
764,2,3,2,NA,1,3,4,1,1
788,2,5,1,1,1,4,1,1,1
1570,2,4,1,2,2,2,4,2,NA
717,3,3,1,2,2,3,4,1,1
1206,4,4,1,1,1,3,4,2,NA
1240,2,3,1,2,1,4,4,1,1
715,2,3,1,4,1,1,4,2,NA
357,4,5,1,2,1,1,2,1,1
45,2,4,1,4,1,4,3,2,NA
1247,3,5,1,2,2,4,1,2,NA
1086,2,2,2,NA,2,5,2,2,NA
213,3,5,1,3,1,3,2,1,1
895,2,2,2,NA,1,4,3,2,NA
1138,2,4,2,NA,2,2,4,2,NA
898,2,3,1,4,1,4,4,1,2
284,3,5,2,NA,1,4,1,2,NA
721,2,4,1,2,1,5,2,2,NA
1794,2,2,1,2,1,2,4,1,1
1329,2,4,1,2,1,1,2,1,2
1666,1,3,1,4,1,3,4,2,NA
1114,2,5,2,NA,1,3,4,1,2
637,2,5,2,NA,1,3,4,1,1
589,3,5,2,NA,1,4,4,1,1
39,2,3,2,NA,2,1,3,2,NA
414,4,3,2,NA,2,3,4,1,1
475,1,4,1,4,1,2,4,1,2
415,3,5,2,NA,1,3,4,1,1
1178,2,5,1,4,1,5,4,1,1
300,1,3,2,NA,2,3,4,1,1
890,3,3,2,NA,1,5,4,1,1
1494,3,4,1,4,2,4,2,1,1
1226,4,5,1,3,1,5,4,1,2
1423,4,4,1,4,2,3,4,1,1
1501,2,5,2,NA,1,2,2,1,2
1208,2,5,1,2,2,3,4,1,1
813,3,3,1,2,1,5,1,1,1
627,2,4,1,3,1,3,4,2,NA
1382,3,1,1,1,1,2,4,1,2
40,2,4,2,NA,1,3,2,1,1
1291,2,4,1,2,2,4,4,1,1
1490,2,5,1,2,2,2,4,2,NA
287,2,4,2,NA,1,4,4,2,NA
946,2,4,1,2,2,3,4,1,1
1534,3,3,1,2,1,2,4,1,2
1628,3,5,2,NA,1,5,4,1,2
321,4,4,2,NA,2,5,4,1,1
597,3,5,2,NA,1,5,4,1,2
271,4,5,1,1,1,5,4,1,2
110,2,5,1,4,1,3,4,1,1
152,2,3,2,NA,1,4,2,1,2
959,1,1,1,4,2,3,4,1,2
1034,3,5,2,NA,1,5,1,1,1
1017,2,4,1,5,2,4,4,1,1
837,2,4,2,NA,1,1,4,2,NA
1200,1,2,2,NA,1,4,2,1,1
1827,1,4,1,1,1,5,4,2,NA
50,2,3,2,NA,1,2,2,1,1
614,1,5,1,2,2,2,3,1,1
792,3,5,1,5,2,2,4,2,NA
1056,3,5,2,NA,2,5,4,1,2
1219,2,5,1,4,1,4,3,1,1
1736,2,4,2,NA,2,4,4,1,1
455,3,3,1,2,2,4,4,2,NA
237,3,1,2,NA,1,2,2,1,1
191,2,5,1,2,1,2,4,2,NA
1026,2,4,1,5,2,3,4,1,1
327,1,5,1,1,1,3,4,2,NA
698,2,5,2,NA,1,4,3,2,NA
1833,3,5,2,NA,1,4,4,2,NA
1029,1,4,1,3,1,5,4,1,2
1597,2,4,2,NA,1,2,4,2,NA
1359,2,4,1,1,1,5,2,2,NA
338,3,4,1,1,1,3,4,1,1
1003,2,2,1,2,2,5,2,1,2
1285,1,4,2,NA,1,4,2,1,1
488,3,5,1,2,1,5,2,1,1
1422,4,5,1,2,1,4,4,1,1
990,1,4,2,NA,2,3,2,2,NA
1703,2,4,1,4,1,5,3,1,1
1449,2,5,1,4,2,4,4,1,1
1234,3,5,1,2,1,3,4,2,NA
543,4,3,2,NA,1,2,1,1,1
230,2,5,2,NA,1,5,3,1,1
1668,4,5,2,NA,1,3,4,1,1
255,2,1,1,2,2,4,1,2,NA
1669,2,4,1,2,1,4,4,2,NA
28,3,5,2,NA,1,3,4,1,1
1330,2,2,1,4,2,2,1,1,1
32,4,5,1,1,1,4,2,1,2
1602,2,4,1,4,1,5,4,1,1
550,4,5,1,4,1,5,4,1,1
17,2,4,1,2,1,4,4,1,1
186,2,2,1,4,2,2,4,1,1
8,2,5,1,3,2,3,4,2,NA
317,3,5,1,3,2,4,4,1,1
1386,2,3,1,5,1,2,4,2,NA
1064,2,2,1,2,2,4,4,1,2
294,4,3,1,2,1,3,1,1,1
1589,3,3,1,3,2,4,2,2,NA
1796,1,5,2,NA,1,4,4,2,NA
827,4,3,1,3,2,3,4,2,NA
601,2,5,1,4,1,3,4,2,NA
412,2,3,2,NA,2,5,4,1,1
561,3,5,1,4,1,4,3,2,NA
1345,1,5,1,4,2,4,3,1,1
555,2,1,1,4,1,3,4,2,NA
264,2,3,2,NA,2,2,4,1,2
68,3,4,2,NA,2,1,1,2,NA
1431,1,5,1,1,1,1,4,2,NA
1818,2,3,1,4,1,4,4,2,NA
1438,2,5,1,2,1,2,4,1,1
23,3,5,1,2,1,4,4,1,1
386,2,4,2,NA,2,3,1,1,1
693,2,3,2,NA,1,5,4,1,1
384,3,4,1,4,2,3,4,1,2
46,1,2,2,NA,2,5,4,1,2
267,3,3,2,NA,1,3,2,1,2
185,1,1,2,NA,1,5,4,2,NA
1730,1,5,1,4,2,5,1,1,2
1532,3,3,1,3,2,4,1,2,NA
582,4,5,2,NA,2,3,3,1,1
159,2,4,2,NA,1,5,3,2,NA
11,3,5,2,NA,1,4,1,2,NA
1343,4,5,2,NA,1,5,4,2,NA
1128,2,2,1,2,1,3,4,1,1
1769,2,5,1,4,2,2,2,1,2
1276,1,5,1,3,2,3,2,2,NA
1780,2,4,1,1,1,4,4,1,1
1182,2,2,1,2,1,4,4,1,2
661,2,3,1,2,1,3,3,2,NA
52,3,3,1,2,2,3,4,2,NA
699,2,4,2,NA,1,5,4,2,NA
979,1,4,1,4,1,2,4,1,2
1117,2,4,1,4,1,3,2,1,1
433,1,2,1,3,2,5,4,2,NA
314,1,3,1,2,1,3,4,2,NA
932,3,5,1,4,2,5,1,2,NA
1788,2,5,2,NA,1,2,3,1,1
985,2,5,1,3,1,2,4,1,1
1538,1,3,2,NA,1,3,4,1,1
624,2,4,1,3,1,4,4,1,1
107,2,2,1,4,2,2,1,2,NA
723,2,1,2,NA,1,3,4,2,NA
1118,2,4,1,4,1,5,1,2,NA
1092,3,3,1,4,1,3,2,1,1
168,2,4,2,NA,1,4,4,2,NA
836,2,4,2,NA,1,3,4,2,NA
120,4,3,2,NA,1,4,2,1,1
1161,1,5,1,4,1,5,4,2,NA
678,4,3,1,4,1,4,4,1,1
1530,1,1,1,3,2,4,4,2,NA
1785,2,4,1,4,1,2,4,2,NA
1121,1,5,2,NA,2,4,4,1,1
1503,3,4,1,1,1,4,4,2,NA
79,1,5,1,2,1,5,1,1,2
1564,2,4,2,NA,1,5,4,2,NA
1753,2,4,1,2,1,4,1,2,NA
537,2,3,2,NA,1,4,4,1,1
1656,1,1,1,1,2,2,2,2,NA
907,4,1,1,3,1,3,2,1,1
577,1,5,1,2,1,3,4,2,NA
635,3,5,1,2,2,4,3,2,NA
261,3,4,2,NA,2,2,4,1,1
1412,1,5,2,NA,2,3,4,2,NA
1728,1,4,2,NA,2,1,4,1,1
1357,4,5,2,NA,1,5,1,2,NA
290,2,4,2,NA,2,3,1,2,NA
695,4,5,1,2,1,4,2,2,NA
409,3,3,2,NA,1,4,4,1,2
333,2,2,1,3,1,4,2,1,1
1426,2,3,1,2,1,5,4,2,NA
145,2,4,2,NA,2,3,4,1,1
390,2,5,1,2,2,1,4,2,NA
776,3,5,2,NA,2,5,4,1,1
1333,2,3,1,2,1,3,4,1,2
1450,1,5,1,3,2,4,2,1,1
1001,2,4,1,2,1,2,4,1,1
1260,4,4,1,5,2,5,4,1,1
111,2,3,1,5,2,4,4,1,1
939,2,5,2,NA,1,3,4,1,1
1795,3,3,1,4,2,3,1,1,1
128,1,4,1,3,1,4,4,2,NA
328,2,5,1,2,2,2,4,1,1
378,3,3,1,3,1,3,4,2,NA
428,2,4,2,NA,2,3,4,2,NA
15,2,5,2,NA,2,3,4,2,NA
354,2,2,1,2,1,3,4,1,2
1095,2,5,1,5,1,5,2,2,NA
117,3,5,2,NA,1,3,4,2,NA
9,3,4,1,2,2,3,4,2,NA
1109,1,4,2,NA,2,5,2,1,1
1496,2,4,2,NA,1,5,4,1,2
975,2,2,2,NA,1,4,1,1,1
1184,2,3,2,NA,1,2,4,1,1
1539,2,5,2,NA,1,5,4,2,NA
734,3,3,1,2,1,2,4,2,NA
243,3,5,1,4,1,4,4,2,NA
90,1,5,2,NA,1,4,4,1,1
1483,4,2,2,NA,2,2,1,1,1
560,3,3,1,4,1,3,4,1,2
901,2,5,1,2,1,4,2,1,2
917,3,5,1,5,2,3,2,1,1
397,3,5,1,2,1,5,4,1,2
1515,4,5,1,4,1,3,2,1,1
1586,2,5,1,2,1,4,4,1,1
1541,3,3,1,5,1,4,4,1,1
762,3,5,2,NA,1,1,2,1,2
558,3,5,2,NA,1,5,4,1,2
978,4,3,2,NA,1,3,4,1,1
1222,2,3,2,NA,1,2,2,1,2
124,3,4,1,4,1,4,4,1,1
1525,2,2,2,NA,1,3,4,2,NA
583,3,4,1,2,1,4,4,2,NA
626,2,4,1,2,2,4,4,2,NA
1799,2,5,2,NA,2,5,1,2,NA
888,2,3,2,NA,1,3,4,1,1
407,2,2,1,2,1,5,4,2,NA
899,2,2,2,NA,1,3,4,1,1
1380,2,5,2,NA,1,4,4,1,1
763,2,2,2,NA,1,2,4,2,NA
532,1,3,1,2,1,5,4,1,1
667,2,2,1,1,1,5,4,1,1
510,3,2,1,2,2,3,4,1,2
787,1,2,2,NA,1,2,1,2,NA
1691,2,5,1,5,1,5,4,2,NA
18,2,5,1,2,1,4,4,1,1
1575,1,3,2,NA,1,4,1,1,1
671,3,5,1,2,1,4,4,1,2
497,3,4,1,3,2,4,4,2,NA
359,2,4,2,NA,2,5,4,2,NA
1306,2,5,2,NA,1,2,1,2,NA
919,3,5,2,NA,1,3,4,2,NA
822,2,2,2,NA,1,4,1,2,NA
867,2,5,2,NA,1,4,4,2,NA
922,2,3,1,2,1,5,2,1,1
818,3,5,1,2,1,4,4,1,1
872,3,5,1,2,2,3,2,1,2
1164,2,4,1,2,2,1,4,1,2
196,3,4,1,2,1,3,1,1,2
484,2,4,1,4,1,3,4,1,2
1009,3,4,2,NA,1,2,1,2,NA
972,3,3,1,2,1,5,4,1,2
266,1,5,1,4,2,2,4,1,1
1335,3,5,2,NA,1,5,4,1,1
1014,2,5,1,1,2,2,4,2,NA
1218,2,5,1,3,1,3,4,1,1
945,2,3,2,NA,2,3,4,2,NA
351,2,5,1,2,2,3,4,1,1
1787,3,5,1,2,1,3,4,2,NA
1281,4,4,2,NA,1,5,3,1,1
1746,2,5,2,NA,1,5,1,1,2
451,2,5,1,4,1,3,4,1,2
157,2,1,1,5,1,1,4,2,NA
1353,2,1,1,1,1,3,4,1,1
1765,3,2,2,NA,1,2,2,1,1
81,1,5,1,4,1,3,1,1,2
1644,3,5,1,2,1,2,4,1,1
889,2,4,2,NA,1,5,2,1,1
2,1,5,1,4,1,2,1,1,2
1764,2,4,1,3,1,1,1,2,NA
778,1,4,1,4,2,4,4,1,1
553,2,4,1,2,1,5,1,1,1
61,1,2,2,NA,1,4,2,1,1
608,2,4,1,2,1,3,2,1,2
1215,2,5,1,4,1,4,4,2,NA
856,3,2,1,2,1,4,4,2,NA
1452,1,5,2,NA,1,2,2,1,2
1336,2,4,2,NA,1,4,2,1,1
1069,3,5,2,NA,2,1,4,1,2
697,4,5,2,NA,1,4,2,1,1
593,3,5,2,NA,2,3,4,1,2
731,2,4,1,3,2,3,2,1,1
841,3,5,1,4,1,3,2,2,NA
140,1,2,1,4,1,1,4,1,2
331,2,5,1,3,2,3,2,1,1
838,2,4,1,4,1,3,2,1,2
456,2,5,1,4,1,2,4,2,NA
375,2,3,1,4,1,5,4,1,1
458,3,3,1,4,2,2,2,1,2
1328,3,1,2,NA,1,4,4,2,NA
936,2,4,1,2,1,5,4,1,2
1437,2,5,1,4,1,5,1,2,NA
1711,3,5,1,3,1,5,4,1,2
1245,2,4,1,5,2,2,4,1,1
1784,2,4,2,NA,1,3,2,1,2
502,2,5,1,2,1,2,4,1,1
98,3,1,1,4,1,3,4,1,1
1325,2,3,1,4,1,4,4,1,2
576,2,5,2,NA,1,4,2,1,1
1625,2,3,1,4,2,5,4,2,NA
1035,2,4,1,2,1,5,4,2,NA
208,4,5,2,NA,1,3,2,1,2
452,3,2,1,4,1,5,4,2,NA
1327,2,2,2,NA,1,3,4,1,1
728,1,4,1,2,2,3,4,1,1
1314,3,4,1,1,2,5,4,1,1
1724,2,2,1,4,1,3,4,2,NA
823,3,3,2,NA,1,4,4,1,2
476,2,3,1,3,1,4,4,1,1
590,3,2,2,NA,1,2,4,1,1
283,2,5,1,4,1,5,4,2,NA
353,4,5,1,2,2,4,4,1,1
1153,2,4,1,2,1,5,4,1,1
469,2,5,2,NA,2,4,4,2,NA
1171,2,5,2,NA,2,2,4,2,NA
809,2,2,1,2,1,2,4,2,NA
1071,2,2,1,5,2,4,4,1,1
269,2,5,1,2,1,3,1,2,NA
636,2,5,2,NA,1,4,2,1,2
622,2,5,1,3,1,2,1,2,NA
1572,1,4,2,NA,1,5,4,2,NA
1175,2,4,2,NA,1,4,2,1,1
373,2,3,1,1,1,4,4,2,NA
1568,2,5,1,2,2,4,2,1,1
617,2,2,1,5,1,4,4,1,1
1310,3,4,1,4,1,1,4,2,NA
1826,1,2,1,2,2,3,4,1,2
1475,4,4,1,5,1,5,4,1,2
1771,2,4,2,NA,1,4,4,1,1
845,1,4,2,NA,1,2,4,1,1
1471,1,3,1,2,2,2,4,1,2
633,1,5,1,3,1,5,1,1,2
1809,2,3,2,NA,1,4,4,1,2
1535,2,3,2,NA,2,3,4,2,NA
106,2,4,2,NA,1,4,2,1,1
509,3,5,1,5,1,3,4,2,NA
242,3,5,1,4,1,4,4,1,1
135,2,4,1,3,1,5,4,1,1
1149,3,3,2,NA,1,4,1,1,2
1155,2,5,2,NA,1,3,4,1,1
651,4,3,1,4,1,1,4,1,2
1477,1,4,2,NA,2,3,2,1,2
1198,1,2,1,1,1,4,2,2,NA
405,3,3,1,4,1,4,4,1,2
1752,1,5,1,2,1,2,2,1,1
425,2,4,1,3,1,3,2,1,2
1404,3,5,1,2,1,5,4,2,NA
1185,2,3,2,NA,1,3,1,1,1
36,3,5,1,5,2,5,4,1,1
563,1,3,2,NA,1,5,4,1,1
464,3,5,1,1,1,4,4,1,1
858,1,5,1,2,2,2,4,2,NA
118,1,2,1,3,1,4,4,1,1
441,2,4,1,5,1,4,4,1,2
1832,4,4,1,4,1,1,4,2,NA
1179,2,5,1,2,1,2,4,2,NA
177,3,5,1,4,1,4,4,1,2
1491,1,4,1,2,1,5,4,2,NA
718,2,4,2,NA,1,4,1,1,2
100,2,5,1,3,2,5,4,1,1
808,4,4,1,3,2,5,4,2,NA
450,2,5,2,NA,1,2,4,1,1
211,4,4,1,2,1,4,4,1,1
392,2,3,1,2,1,4,1,1,2
365,2,3,1,3,1,5,4,2,NA
1271,3,5,1,1,1,5,1,2,NA
66,2,3,1,4,1,4,4,1,1
468,4,5,1,2,1,4,4,2,NA
551,1,5,2,NA,2,2,4,2,NA
1424,2,3,2,NA,1,4,1,1,2
282,4,5,1,4,1,4,4,2,NA
48,1,4,1,4,1,3,4,2,NA
775,2,3,2,NA,2,4,2,1,1
466,2,3,1,4,1,4,4,2,NA
25,2,5,2,NA,1,5,4,1,1
3,3,4,1,2,1,3,1,2,NA
356,2,3,1,4,1,1,4,1,1
1318,2,1,1,2,2,2,3,1,2
1816,2,3,2,NA,1,4,4,2,NA
871,3,5,1,3,1,5,4,1,2
72,4,4,2,NA,1,5,4,1,1
992,2,5,1,2,1,4,4,1,1
436,3,5,2,NA,1,4,4,2,NA
711,2,4,2,NA,2,4,4,2,NA
1369,3,2,2,NA,1,5,4,1,2
870,4,4,2,NA,2,4,3,2,NA
722,2,4,1,5,2,5,4,1,2
150,3,5,1,2,1,5,4,2,NA
1167,1,2,2,NA,1,3,4,1,2
311,2,5,1,5,2,4,4,1,1
59,3,4,1,4,1,2,4,2,NA
71,3,3,2,NA,1,5,2,1,1
745,2,3,2,NA,1,2,1,2,NA
724,2,4,1,4,1,2,1,1,2
1717,3,1,1,3,1,3,1,2,NA
949,3,3,2,NA,1,3,4,1,1
494,3,5,1,4,1,1,2,1,1
480,2,4,1,2,1,4,4,1,2
1054,3,5,2,NA,2,5,4,1,1
1047,2,3,2,NA,1,5,1,2,NA
348,2,5,2,NA,2,5,4,2,NA
416,2,2,1,3,1,1,4,1,1
69,1,5,1,4,1,4,4,1,1
487,3,1,1,5,1,2,1,2,NA
540,3,5,1,1,1,2,4,2,NA
980,4,5,1,3,1,4,4,1,1
91,4,5,1,2,1,4,4,1,1
167,3,5,2,NA,2,4,4,2,NA
1348,2,3,1,3,1,4,1,2,NA
1334,2,3,2,NA,1,4,1,2,NA
524,2,5,1,3,2,1,4,1,1
362,2,2,2,NA,1,2,4,1,1
756,2,4,2,NA,1,5,4,2,NA
1269,3,5,1,2,1,5,4,1,1
329,2,5,2,NA,2,5,4,2,NA
195,3,3,1,5,2,4,4,1,2
88,2,5,1,4,2,4,3,1,1
462,3,4,2,NA,1,5,4,1,1
689,3,5,1,4,2,4,1,2,NA
770,2,3,2,NA,2,4,2,1,1
1587,1,5,1,4,2,3,4,1,1
154,4,2,2,NA,2,5,4,2,NA
341,2,1,1,2,1,2,4,2,NA
1283,2,5,1,4,1,3,4,2,NA
738,1,4,1,3,1,4,4,1,1
435,2,1,2,NA,2,4,4,2,NA
1714,1,1,1,2,1,5,4,1,1
603,3,4,2,NA,1,5,4,1,2
1461,2,3,1,4,1,4,4,2,NA
857,3,1,1,3,1,5,4,1,1
1546,1,3,2,NA,1,4,4,2,NA
852,1,3,2,NA,1,3,4,2,NA
1406,2,4,1,2,1,2,4,2,NA
1299,2,5,1,2,1,4,4,2,NA
1556,2,2,1,3,1,4,4,1,1
1364,4,2,2,NA,2,5,4,2,NA
216,3,5,2,NA,1,4,4,1,1
1119,1,4,1,4,1,3,2,1,1
820,1,4,1,2,2,5,2,1,1
358,2,4,1,2,1,4,4,1,1
224,2,5,2,NA,2,5,4,1,2
427,1,3,1,4,2,2,4,2,NA
1256,2,5,1,2,2,1,4,1,2
1266,3,5,1,2,1,2,4,2,NA
1000,2,4,2,NA,2,1,4,2,NA
1055,2,2,1,5,1,4,4,2,NA
649,3,2,2,NA,1,4,4,1,2
123,2,3,2,NA,2,4,2,1,2
51,2,5,2,NA,1,3,1,2,NA
97,2,5,1,5,1,4,4,2,NA
169,4,1,1,3,2,2,4,2,NA
520,1,3,1,5,2,4,2,1,1
629,2,3,2,NA,1,3,4,2,NA
780,2,4,1,2,1,5,4,2,NA
1274,4,5,1,2,1,3,4,2,NA
1197,2,3,1,2,2,5,4,1,2
1411,1,4,1,4,1,3,4,1,1
1680,4,3,1,4,1,1,4,1,1
876,2,5,2,NA,1,1,4,2,NA
988,3,5,1,5,1,5,4,2,NA
1592,3,5,1,4,1,2,1,2,NA
1635,2,4,1,4,1,5,2,1,1
1072,2,5,1,5,1,5,3,2,NA
318,3,5,1,3,1,3,4,1,1
1044,4,5,1,2,1,5,1,1,1
89,3,5,1,4,1,4,3,1,1
1660,2,4,2,NA,1,4,3,1,1
467,1,4,2,NA,1,1,4,1,2
1036,2,5,2,NA,1,4,2,1,2
803,2,3,1,2,2,4,4,1,1
58,2,3,1,5,1,3,4,1,1
189,2,2,1,4,1,4,4,1,2
507,1,2,1,3,1,3,4,2,NA
1133,3,4,2,NA,2,4,1,2,NA
417,2,3,2,NA,1,4,4,1,2
1290,2,2,2,NA,2,5,4,2,NA
1012,4,5,2,NA,1,3,3,1,1
56,2,4,2,NA,1,4,4,1,2
1371,2,2,1,2,2,2,4,1,2
55,2,5,2,NA,1,3,4,1,1
531,2,5,1,3,1,4,4,2,NA
719,2,4,1,2,1,3,4,2,NA
1241,1,5,2,NA,1,4,3,1,2
1603,2,4,2,NA,1,4,4,2,NA
752,3,5,2,NA,1,2,4,2,NA
612,3,3,2,NA,1,4,1,2,NA
270,2,4,1,3,2,1,3,2,NA
1781,2,4,2,NA,1,5,4,2,NA
495,2,5,2,NA,2,2,4,2,NA
1048,2,5,1,3,1,5,4,1,1
1665,2,5,1,3,1,5,4,2,NA
244,2,2,2,NA,1,5,2,1,1
426,1,4,2,NA,1,2,4,2,NA
277,1,3,1,4,1,4,1,2,NA
193,3,2,1,4,2,4,2,1,1
187,3,5,1,4,2,3,4,1,1
1547,3,5,1,2,1,1,2,1,1
986,2,3,1,5,1,3,4,1,2
87,2,5,1,5,1,4,4,1,1
5,2,5,2,NA,2,5,3,1,2
1428,2,3,1,2,1,5,4,2,NA
1399,3,5,1,5,1,2,2,1,1
1410,3,5,2,NA,2,4,4,2,NA
1221,2,4,1,3,1,4,4,2,NA
250,2,4,1,1,2,4,2,1,1
518,4,5,1,2,1,3,2,1,1
1232,2,5,2,NA,1,5,1,2,NA
708,2,1,1,5,1,2,4,1,2
161,2,5,1,3,2,1,4,1,1
621,3,1,2,NA,1,4,2,1,1
164,2,3,2,NA,2,4,4,2,NA
1455,2,5,1,1,1,3,3,1,1
262,3,3,2,NA,2,5,4,2,NA
766,1,5,1,3,1,3,4,1,1
1265,2,5,2,NA,2,5,2,1,1
1298,2,3,2,NA,2,4,4,1,1
1554,3,5,2,NA,1,4,3,1,2
815,1,4,1,2,2,4,3,1,1
733,3,3,1,2,2,3,2,1,2
463,3,5,1,4,1,4,1,2,NA
1716,3,5,1,2,1,2,1,2,NA
1322,2,2,2,NA,1,5,2,1,2
1800,3,5,2,NA,2,1,4,2,NA
508,1,2,1,3,1,5,4,1,1
668,4,5,2,NA,1,5,1,2,NA
133,3,4,2,NA,1,3,4,1,1
525,2,3,1,2,1,2,4,1,1
1165,4,4,2,NA,1,5,4,1,2
1519,3,1,1,4,1,4,4,2,NA
1433,2,4,1,1,2,5,4,2,NA
347,2,4,2,NA,1,3,4,1,1
960,2,5,1,3,1,5,4,2,NA
166,2,4,2,NA,2,5,4,2,NA
401,3,5,2,NA,1,3,1,2,NA
1444,2,2,1,2,1,2,4,1,2
732,2,5,1,2,1,4,4,2,NA
1268,2,3,1,3,2,4,4,1,2
160,2,5,1,4,1,4,4,2,NA
968,3,5,1,3,1,4,4,1,2
349,1,4,1,3,1,5,4,1,1
1445,4,5,2,NA,1,4,4,2,NA
884,3,3,1,4,1,3,4,2,NA
1813,2,2,2,NA,1,4,4,1,1
53,4,5,2,NA,1,1,2,2,NA
1801,2,4,2,NA,2,5,3,1,2
961,2,2,2,NA,2,4,1,2,NA
238,4,4,1,4,1,4,4,1,1
1673,3,1,1,3,1,5,1,1,2
297,3,5,2,NA,1,4,4,1,1
245,2,4,1,4,1,4,4,1,2
1639,2,4,1,5,2,4,1,2,NA
1710,1,5,1,2,1,3,4,2,NA
1678,2,4,1,3,1,4,4,2,NA
273,2,2,2,NA,1,5,4,1,1
192,2,3,1,5,2,1,4,1,1
533,1,2,2,NA,2,4,4,1,1
202,4,4,1,2,1,3,4,1,1
910,4,3,1,3,1,5,4,2,NA
1558,2,1,2,NA,1,4,4,2,NA
151,2,3,2,NA,2,4,4,2,NA
512,4,3,1,4,2,3,4,2,NA
130,2,4,2,NA,1,4,4,1,1
146,2,4,1,4,2,4,1,2,NA
1394,2,4,1,2,1,5,4,1,1
924,3,5,1,5,2,5,4,1,1
1704,4,5,1,4,1,3,4,1,2
1391,1,3,1,4,2,2,1,2,NA
1585,2,1,1,4,2,2,1,1,1
1,2,5,1,3,1,4,4,1,2
395,4,5,1,5,1,4,4,1,2
112,2,3,1,2,1,4,2,1,2
688,3,4,2,NA,1,3,4,2,NA
790,1,4,1,4,1,1,4,1,1
1166,3,3,2,NA,2,2,2,1,1
298,2,4,2,NA,2,3,4,1,1
1550,1,5,2,NA,2,3,2,1,1
1648,1,2,2,NA,1,4,3,1,1
74,2,5,1,4,1,5,4,1,1
268,4,1,1,1,2,4,4,1,2
492,2,4,2,NA,1,3,4,1,2
306,2,4,1,2,2,5,1,2,NA
305,1,4,1,2,1,4,4,1,1
1593,1,3,1,2,2,5,4,1,2
1100,1,4,1,2,1,3,4,2,NA
921,3,5,1,5,1,2,4,1,1
1094,3,3,2,NA,2,5,4,1,1
194,2,1,1,4,1,4,4,2,NA
1802,4,5,2,NA,2,4,4,1,1
1681,2,2,1,5,1,2,4,1,1
1468,3,5,1,2,2,5,4,1,1
504,2,3,1,4,1,4,1,1,2
1144,4,5,1,3,2,5,4,2,NA
309,2,3,1,4,1,4,2,2,NA
1671,1,5,1,2,1,4,4,1,1
1441,1,5,2,NA,1,4,4,2,NA
1425,2,2,2,NA,1,4,4,2,NA
768,3,4,2,NA,1,5,4,2,NA
444,2,3,1,2,1,2,4,2,NA
903,2,5,2,NA,1,4,4,2,NA
1700,1,2,2,NA,1,4,4,2,NA
35,1,5,1,2,2,4,4,2,NA
795,2,4,1,3,1,3,2,1,2
1082,2,5,1,2,1,5,3,2,NA
477,3,4,1,1,1,2,4,2,NA
672,1,3,2,NA,1,5,4,1,1
1105,3,5,1,4,2,3,4,2,NA
1742,3,1,1,1,1,4,2,1,2
1023,1,4,1,3,2,5,4,1,1
439,2,3,2,NA,2,2,4,1,1
996,1,5,1,2,1,4,4,2,NA
498,2,5,2,NA,1,3,4,1,2
1555,1,5,2,NA,1,4,4,2,NA
1820,3,3,1,4,1,3,3,2,NA
925,2,5,1,2,1,4,4,1,1
1658,1,4,1,2,1,3,4,1,1
218,2,3,1,4,1,3,4,2,NA
517,1,3,1,2,1,4,4,2,NA
1013,1,4,1,2,1,5,4,1,2
1194,2,4,1,4,1,3,4,1,1
1715,2,5,1,1,1,4,4,2,NA
1614,2,1,1,4,1,1,4,1,1
579,2,2,1,3,1,4,4,2,NA
1158,1,5,2,NA,1,3,4,1,1
1804,2,1,1,4,2,2,4,1,2
1599,2,4,1,2,2,3,4,2,NA
1065,2,5,1,2,1,2,1,2,NA
381,1,5,1,4,1,5,4,1,2
1157,3,5,1,2,2,5,4,1,1
1674,2,5,2,NA,1,5,4,2,NA
1127,1,4,1,3,1,4,4,2,NA
126,2,5,2,NA,1,4,4,2,NA
981,2,1,1,5,1,3,4,1,2
1385,3,3,1,2,1,3,4,1,2
853,3,3,2,NA,1,3,1,1,1
1211,4,5,1,2,2,4,4,2,NA
505,1,1,1,3,1,5,3,1,1
385,4,5,2,NA,1,4,3,1,2
819,1,4,1,4,1,4,2,1,1
1051,1,4,1,2,1,5,4,1,2
147,3,5,1,1,1,3,4,1,1
1390,3,4,2,NA,1,5,2,1,1
1805,2,2,1,3,1,5,4,2,NA
1039,1,2,2,NA,1,5,1,1,2
1526,2,2,1,3,1,2,4,2,NA
1479,2,5,2,NA,2,3,4,2,NA
337,2,2,1,1,2,1,2,1,1
934,2,4,1,3,1,4,2,1,1
1162,1,3,2,NA,2,5,1,2,NA
843,1,2,2,NA,1,3,2,1,2
1699,3,3,1,2,1,4,2,1,2
1610,1,4,2,NA,1,3,4,2,NA
101,3,5,2,NA,1,2,4,1,1
1626,4,4,1,3,1,5,2,1,1
616,2,5,1,4,1,2,4,1,1
802,3,5,1,1,1,2,4,1,1
1524,2,4,1,4,1,3,1,2,NA
272,1,2,1,4,1,3,3,2,NA
394,1,4,1,3,2,4,4,1,2
1303,3,5,2,NA,1,1,3,2,NA
190,3,5,1,4,1,5,4,1,1
1374,3,5,1,2,1,4,4,2,NA
77,2,3,2,NA,1,2,4,2,NA
1287,3,4,2,NA,1,1,4,1,1
1066,4,5,2,NA,1,4,4,1,1
1726,2,4,1,2,1,5,1,2,NA
1624,3,5,2,NA,1,5,4,2,NA
289,2,4,1,2,2,5,4,1,2
725,3,3,1,2,1,4,4,2,NA
1050,4,4,1,4,2,5,4,1,1
1594,4,4,1,4,1,5,4,1,1
1103,3,5,2,NA,1,5,4,1,1
1186,2,1,2,NA,1,2,1,1,1
1618,2,3,1,4,1,3,4,2,NA
1101,3,5,1,3,1,4,4,2,NA
1563,2,4,1,2,1,5,4,1,1
1250,2,4,1,4,1,4,4,2,NA
1772,2,5,2,NA,1,3,4,1,2
1759,2,3,1,2,1,5,4,2,NA
666,2,2,2,NA,1,3,4,1,1
212,1,3,2,NA,1,3,2,1,1
559,2,4,1,5,1,4,4,1,1
1393,1,5,1,2,2,4,4,1,1
103,2,2,1,2,1,1,4,2,NA
831,2,4,1,4,1,2,4,1,1
308,4,5,1,4,1,5,4,2,NA
1354,4,5,2,NA,1,4,3,2,NA
1192,3,5,2,NA,2,5,4,1,2
1273,3,4,1,2,1,3,4,1,2
396,2,5,1,2,1,4,2,2,NA
1038,2,4,1,2,2,3,4,2,NA
1400,3,3,1,2,2,1,4,1,2
1061,3,3,2,NA,2,4,2,1,1
1248,1,4,2,NA,1,2,2,1,1
1579,4,5,1,5,1,1,3,1,1
1761,3,4,2,NA,1,3,4,1,1
527,4,5,1,2,1,5,4,2,NA
829,2,4,2,NA,1,1,4,2,NA
65,2,4,2,NA,2,5,4,2,NA
1514,2,3,2,NA,1,2,4,2,NA
606,1,5,1,4,2,1,4,1,1
1392,2,3,1,2,1,5,4,2,NA
656,1,2,1,4,2,5,2,1,1
1376,1,5,1,2,1,3,1,2,NA
794,2,5,1,2,2,3,4,2,NA
587,1,5,2,NA,1,4,3,1,1
1830,2,1,1,1,1,3,4,1,1
1070,2,3,2,NA,1,4,4,1,1
1552,3,3,1,2,1,2,4,1,2
1277,1,4,2,NA,1,1,4,2,NA
565,2,5,2,NA,1,5,4,1,1
1686,2,1,1,3,1,5,2,1,2
136,1,3,1,1,1,4,2,1,1
418,2,5,1,3,1,5,4,1,1
966,2,3,1,2,1,5,2,1,1
1244,2,4,1,2,1,3,1,2,NA
1183,3,5,2,NA,1,4,4,2,NA
879,4,1,2,NA,1,3,4,1,1
1739,2,5,2,NA,1,3,4,1,1
10,1,5,2,NA,1,5,4,2,NA
1733,2,5,1,3,2,4,4,2,NA
1243,2,5,1,2,1,3,1,2,NA
669,1,3,1,2,1,4,4,1,1
761,3,5,2,NA,1,5,4,1,2
1453,3,4,1,4,1,5,4,1,2
1373,2,1,2,NA,1,1,4,2,NA
361,2,4,2,NA,2,5,4,2,NA
84,1,4,1,2,2,3,2,1,1
1300,2,3,1,4,1,4,4,1,1
1004,3,3,2,NA,1,5,4,1,1
511,2,4,1,3,1,3,4,2,NA
1474,1,5,2,NA,1,3,4,1,2
404,3,5,2,NA,1,5,4,1,1
1123,2,3,2,NA,1,5,4,2,NA
1608,1,3,1,1,1,3,4,1,1
1078,3,5,1,5,1,3,1,2,NA
956,2,2,1,2,1,3,4,2,NA
232,3,5,2,NA,2,5,1,1,1
1806,3,4,2,NA,2,4,2,1,1
93,1,4,1,2,2,4,4,2,NA
1683,3,5,1,4,2,4,1,2,NA
625,3,5,1,1,2,4,4,2,NA
1225,1,3,1,2,1,3,4,1,2
491,2,5,2,NA,1,4,3,1,2
231,2,3,1,1,1,5,4,2,NA
1458,2,5,1,5,1,3,2,1,2
1793,1,1,1,2,2,2,3,1,1
1130,3,3,1,3,1,5,4,1,2
866,2,5,2,NA,1,5,3,1,1
557,2,5,1,5,1,3,4,1,1
610,4,5,1,2,1,4,4,2,NA
1507,1,3,1,4,1,4,4,1,2
1719,1,1,1,2,2,5,2,1,2
1375,3,3,2,NA,1,5,4,2,NA
275,1,3,1,5,1,5,4,1,1
1654,1,3,1,4,1,4,4,2,NA
1252,1,1,2,NA,1,2,4,2,NA
78,1,5,1,4,1,3,4,1,1
1080,3,5,1,3,1,3,2,1,2
647,1,3,1,2,2,3,4,2,NA
1810,2,2,2,NA,1,5,4,2,NA
92,2,4,1,3,1,4,4,2,NA
685,1,4,1,2,1,3,4,1,2
172,4,3,2,NA,1,4,2,1,1
31,3,5,1,2,2,4,4,1,2
332,2,5,1,2,1,4,2,1,2
971,3,4,1,1,2,5,4,1,1
501,2,5,2,NA,1,3,1,1,1
680,2,3,2,NA,2,4,1,2,NA
1773,1,4,1,5,2,3,4,1,1
1304,2,3,1,5,2,4,4,2,NA
1187,2,3,1,4,1,2,4,1,2
1137,4,3,2,NA,1,5,4,1,1
1249,2,5,2,NA,1,5,4,2,NA
210,4,1,1,5,1,2,2,1,1
1259,2,5,1,2,1,4,4,2,NA
620,4,5,1,2,1,3,4,1,1
1151,2,5,1,2,2,3,3,1,1
783,2,5,2,NA,1,5,4,1,1
1275,2,4,2,NA,2,4,1,2,NA
1090,2,3,1,4,1,4,4,1,1
1620,2,5,1,5,2,4,4,2,NA
1107,2,5,1,4,1,1,4,1,1
1498,3,5,1,3,1,2,4,2,NA
47,2,3,2,NA,1,4,4,1,2
236,2,4,2,NA,2,4,4,1,1
1091,3,5,1,2,2,4,3,1,1
1309,1,4,1,2,1,3,1,2,NA
1295,3,4,2,NA,1,2,3,1,2
594,2,5,2,NA,1,5,4,1,2
832,2,5,2,NA,2,4,4,1,1
1279,3,3,2,NA,2,4,4,2,NA
941,1,4,2,NA,2,3,4,2,NA
104,2,5,1,3,2,3,4,1,1
609,2,5,1,4,1,1,4,2,NA
875,3,1,2,NA,1,5,4,2,NA
86,3,5,1,4,1,5,4,1,1
1803,1,4,1,3,2,5,4,1,2
900,2,1,1,4,1,1,4,2,NA
1112,2,5,1,2,2,4,4,1,1
618,2,1,1,4,1,3,4,1,1
673,2,5,1,3,1,3,4,1,1
902,2,4,2,NA,1,5,2,1,1
1042,1,4,2,NA,1,4,2,1,1
1403,3,5,2,NA,1,5,4,2,NA
400,1,3,1,2,1,3,1,2,NA
350,2,3,1,2,1,5,3,1,1
1684,2,3,1,4,1,4,4,2,NA
1600,2,4,1,2,1,3,4,1,1
1436,3,5,2,NA,1,3,4,2,NA
220,4,5,1,3,1,3,4,2,NA
536,4,5,1,2,2,5,1,2,NA
1209,4,5,1,5,1,4,4,1,2
1670,2,2,1,4,1,3,1,1,1
225,3,4,1,1,2,3,4,1,2
1708,4,5,2,NA,2,4,4,1,2
613,2,4,1,2,1,2,4,1,1
1099,2,4,1,2,2,2,4,2,NA
1212,1,3,1,2,2,5,4,1,2
340,1,2,1,3,2,4,1,1,2
1632,3,2,2,NA,1,3,4,1,1
950,2,5,2,NA,1,5,2,1,1
1402,2,5,2,NA,1,3,1,1,2
892,4,3,1,1,1,3,2,1,1
424,2,5,1,5,2,3,4,1,1
881,2,3,1,2,1,2,1,2,NA
1317,4,4,1,2,1,4,4,2,NA
772,2,5,2,NA,2,3,4,2,NA
240,1,4,2,NA,1,2,4,1,1
909,3,3,1,4,1,2,1,1,1
1088,4,5,1,5,1,4,4,1,1
1478,1,4,2,NA,1,2,4,1,2
1363,2,4,1,3,1,4,4,1,1
343,3,5,2,NA,1,3,4,2,NA
1027,4,4,1,2,1,4,4,2,NA
1046,1,5,2,NA,1,5,4,2,NA
149,3,4,1,5,1,2,2,1,2
913,4,1,1,5,1,5,3,1,2
1319,4,3,1,2,1,4,4,1,1
1033,4,1,2,NA,1,3,4,2,NA
233,2,2,1,1,1,3,2,1,1
1692,3,4,1,4,2,4,4,1,2
1255,1,3,1,3,1,5,2,1,1
206,2,3,1,4,1,4,2,1,1
538,3,4,1,4,2,3,4,1,1
134,2,5,1,5,2,5,2,1,1
586,2,1,1,5,1,3,2,1,1
1063,2,3,2,NA,1,3,4,2,NA
954,3,3,1,2,1,5,4,1,1
366,4,5,1,1,1,4,3,2,NA
1641,2,3,1,4,2,4,4,2,NA
221,4,2,2,NA,1,3,3,1,2
479,2,3,1,1,1,4,4,2,NA
1662,2,1,1,2,1,5,4,1,1
14,3,5,2,NA,1,5,2,1,1
391,2,5,2,NA,1,2,4,1,1
547,3,5,1,4,1,2,3,1,1
681,1,2,2,NA,2,5,4,2,NA
730,3,5,1,2,2,3,4,1,1
1523,4,5,1,3,1,2,2,1,2
631,2,1,2,NA,1,4,4,1,1
849,2,5,1,2,2,5,4,2,NA
1349,2,3,1,4,1,4,4,1,1
1439,3,5,1,4,1,3,4,1,1
1420,2,3,2,NA,1,3,4,1,2
860,2,3,1,2,1,2,4,2,NA
675,1,5,2,NA,1,3,1,1,1
1235,1,4,1,2,2,5,1,1,1
873,2,4,1,5,2,2,4,2,NA
1447,3,3,2,NA,2,5,2,1,2
1606,4,5,2,NA,1,5,4,2,NA
139,2,2,1,2,2,5,4,1,1
443,3,3,1,2,1,4,1,1,2
997,1,1,1,5,1,5,4,1,1
1520,3,5,2,NA,2,1,1,1,1
716,2,1,2,NA,1,5,4,1,1
835,1,3,2,NA,1,5,1,1,1
252,2,3,1,2,2,3,4,2,NA
1548,2,4,2,NA,1,4,1,2,NA
1011,1,3,1,2,1,4,4,2,NA
515,2,5,1,2,1,4,4,1,2
483,3,5,2,NA,1,5,2,1,1
370,3,5,1,3,2,2,4,1,2
1557,3,4,1,2,1,4,4,1,1
1311,1,3,1,2,1,1,4,1,1
814,4,5,2,NA,1,1,4,1,2
1352,3,3,1,2,1,3,2,1,1
1732,3,3,2,NA,1,2,4,1,1
280,3,3,2,NA,2,1,1,2,NA
544,3,5,1,4,1,5,4,1,1
938,2,3,2,NA,1,3,4,2,NA
1456,1,4,1,5,2,3,4,1,1
1025,3,3,1,5,1,4,4,2,NA
1451,3,5,1,3,2,3,4,1,1
1414,3,4,1,4,1,5,4,1,2
1705,1,3,1,5,2,1,4,2,NA
1627,3,4,1,2,2,4,4,2,NA
652,2,2,2,NA,2,3,4,2,NA
1545,2,4,2,NA,1,1,4,1,2
174,3,5,1,2,2,2,4,2,NA
286,3,3,2,NA,1,4,4,1,1
542,1,3,1,4,1,3,4,1,2
1642,3,5,1,2,1,4,4,1,1
326,3,3,1,4,2,4,4,2,NA
1511,2,2,1,2,2,2,4,1,1
1782,2,4,1,2,2,5,3,1,1
372,4,2,1,2,2,3,4,1,1
1176,3,5,1,3,1,4,2,1,1
1775,4,4,1,2,1,4,4,1,2
1829,1,5,2,NA,2,5,3,1,1
1484,2,4,1,4,2,5,2,1,1
893,3,1,1,3,2,3,2,1,1
442,2,3,2,NA,1,3,2,1,2
1419,1,2,1,3,1,3,2,1,1
1201,2,3,1,2,2,4,4,1,2
448,2,3,1,2,2,1,4,2,NA
1485,2,2,1,5,2,4,4,1,1
1217,3,4,1,3,2,3,4,2,NA
1378,1,3,1,2,1,5,4,1,2
1755,3,5,1,3,1,3,1,2,NA
4,2,3,1,2,2,5,4,1,1
1757,2,5,2,NA,2,2,2,1,1
789,4,5,1,3,1,4,2,1,1
176,1,3,2,NA,1,3,4,2,NA
1580,3,5,1,4,1,5,3,2,NA
886,2,4,2,NA,1,3,2,1,1
1650,3,2,1,2,1,3,2,1,1
67,2,1,1,5,1,5,4,1,2
1630,2,3,2,NA,2,4,4,1,1
562,2,5,1,3,1,5,2,1,1
438,1,3,1,3,1,4,4,1,2
605,2,5,2,NA,1,5,2,1,1
1567,2,4,1,2,1,5,4,2,NA
1220,2,1,1,3,1,1,4,1,2
641,2,2,2,NA,1,4,4,1,1
984,1,3,1,3,1,4,4,1,1
644,1,4,2,NA,1,4,4,2,NA
1723,2,5,2,NA,1,1,2,1,2
1713,2,3,1,2,1,4,4,1,1
1743,2,4,1,1,2,5,2,1,1
1581,1,1,1,4,2,2,4,1,2
572,3,4,1,2,2,3,4,1,1
1693,2,3,1,2,1,4,4,2,NA
645,2,3,2,NA,1,2,4,2,NA
1254,2,3,1,3,1,3,2,1,1
1272,2,5,2,NA,1,5,4,1,1
1459,2,4,1,2,1,4,4,2,NA
1338,1,3,1,2,2,5,2,1,1
962,1,2,1,2,2,4,4,1,1
1040,2,5,1,2,1,3,4,2,NA
1467,2,4,1,2,2,4,4,1,1
696,1,4,1,2,1,3,1,2,NA
1518,1,4,2,NA,1,3,1,2,NA
1122,3,4,1,4,1,3,4,1,1
1778,2,1,2,NA,2,3,2,1,2
1341,1,5,1,4,1,5,4,1,1
535,2,4,2,NA,1,4,3,1,1
33,1,3,2,NA,2,5,4,2,NA
83,3,4,1,3,1,2,2,1,1
1815,4,4,2,NA,1,3,1,2,NA
320,1,2,2,NA,1,2,2,1,1
630,2,3,2,NA,1,4,4,1,1
806,2,2,2,NA,1,5,4,1,1
324,2,2,1,4,1,3,4,2,NA
129,1,1,1,3,2,3,4,1,2
1389,4,5,2,NA,2,1,4,1,1
429,2,2,1,5,1,4,2,2,NA
1396,2,4,1,4,1,3,4,1,1
376,1,2,2,NA,2,1,2,2,NA
37,1,4,1,4,2,5,4,2,NA
1110,2,4,2,NA,2,1,4,1,1
440,2,4,1,2,2,4,4,2,NA
771,1,3,1,3,1,3,4,1,1
798,2,2,1,1,1,2,4,1,1
891,3,4,1,2,1,1,4,2,NA
173,4,4,2,NA,2,3,4,1,1
844,2,5,1,3,1,4,4,1,1
1062,2,4,1,5,1,1,4,2,NA
115,2,1,2,NA,1,5,4,1,1
930,2,4,1,4,1,4,2,1,1
861,1,1,1,1,1,2,3,1,1
38,2,3,1,2,2,2,4,1,2
382,2,2,1,4,1,1,4,2,NA
1831,2,3,2,NA,2,3,1,2,NA
402,1,3,2,NA,1,5,4,1,2
1052,2,5,1,2,1,3,4,1,1
864,1,4,1,2,1,4,1,2,NA
1296,2,1,2,NA,2,4,4,2,NA
163,2,5,2,NA,1,4,1,2,NA
1807,4,5,1,2,2,4,4,1,1
1148,1,1,1,2,1,2,1,2,NA
1398,2,2,2,NA,2,5,4,1,1
1413,2,5,1,3,1,1,4,2,NA
1159,1,4,1,3,1,3,3,2,NA
1370,1,3,2,NA,1,2,3,1,1
1147,3,5,1,1,2,4,4,1,1
1057,1,3,2,NA,2,3,4,1,1
993,2,2,1,4,1,5,4,1,2
684,2,5,1,2,1,3,4,1,1
713,1,3,1,3,1,1,2,2,NA
1068,2,2,1,2,1,3,4,2,NA
805,3,1,2,NA,1,3,1,1,2
964,3,5,2,NA,1,5,4,1,1
60,2,3,2,NA,1,3,3,2,NA
143,1,4,2,NA,1,3,2,1,2
1278,2,4,1,2,1,2,1,2,NA
20,2,4,2,NA,1,3,2,1,2
951,2,3,1,3,1,4,4,1,1
1611,3,3,1,2,1,5,1,2,NA
171,2,3,1,4,2,3,4,1,2
1789,2,5,1,2,1,1,4,1,1
653,3,5,2,NA,2,3,4,1,1
580,3,5,2,NA,2,5,4,2,NA
1598,4,5,2,NA,2,3,4,2,NA
1553,2,3,1,4,1,5,4,2,NA
1651,2,5,1,5,2,3,4,2,NA
1383,1,5,1,2,1,5,4,1,2
1652,1,3,2,NA,2,1,4,2,NA
474,2,4,1,2,1,5,4,1,1
905,2,3,2,NA,1,3,4,2,NA
521,2,5,1,2,1,4,1,2,NA
1332,1,4,2,NA,1,2,1,1,2
942,2,5,2,NA,1,3,2,1,2
389,3,4,2,NA,1,1,3,2,NA
1434,4,5,1,4,1,2,1,2,NA
785,3,5,1,2,2,4,1,1,1
29,4,3,2,NA,2,4,4,1,1
249,2,4,1,5,1,3,4,1,1
1233,2,2,2,NA,1,4,4,2,NA
315,2,3,1,2,1,4,4,1,1
1565,2,5,2,NA,1,5,2,1,2
568,4,1,1,4,1,3,4,2,NA
600,3,5,1,2,1,2,4,2,NA
197,2,4,1,4,1,2,2,1,1
183,1,2,1,2,2,3,4,1,1
682,2,1,1,5,1,3,4,2,NA
1395,2,3,2,NA,1,3,4,1,2
85,3,3,1,4,1,4,4,2,NA
16,3,5,2,NA,1,3,2,1,1
1160,1,2,1,3,1,5,4,2,NA
523,1,5,1,4,1,4,4,2,NA
782,2,1,2,NA,1,5,4,2,NA
686,2,5,1,4,1,3,1,1,1
712,2,5,1,2,1,4,4,1,1
1213,2,3,1,4,1,5,4,1,1
119,3,5,1,1,1,3,4,2,NA
1528,3,5,1,2,1,1,4,1,1
1316,2,5,1,4,1,5,1,1,1
258,2,4,1,2,2,4,1,2,NA
1435,2,4,2,NA,1,5,4,1,1
1442,2,1,2,NA,2,3,2,1,1
108,2,4,1,3,2,5,4,2,NA
765,2,5,2,NA,1,3,4,2,NA
940,2,2,2,NA,2,4,4,1,2
1559,2,3,2,NA,1,2,4,2,NA
1596,2,5,2,NA,2,2,3,1,1
982,3,3,1,1,1,5,4,1,2
217,3,2,2,NA,1,5,4,1,2
574,3,1,1,2,1,5,1,2,NA
767,2,3,1,1,1,3,3,2,NA
506,3,2,2,NA,2,4,3,1,1
567,1,2,1,2,2,4,4,1,1
1721,2,2,1,2,2,3,4,2,NA
991,2,3,1,2,1,2,4,2,NA
664,2,1,1,4,2,3,2,1,1
207,2,5,2,NA,1,3,4,1,1
102,3,5,1,4,1,5,4,1,2
1768,2,1,2,NA,1,4,4,1,2
748,3,4,2,NA,1,3,4,1,1
1695,3,4,1,4,1,5,4,2,NA
153,3,5,2,NA,1,4,4,1,1
1835,2,3,2,NA,1,5,4,2,NA
1663,3,5,1,4,1,4,4,2,NA
472,2,5,1,2,1,1,1,1,1
1076,2,4,1,4,1,4,4,2,NA
691,2,5,1,5,1,5,2,1,1
229,1,4,1,2,2,4,4,1,2
584,1,3,1,2,2,4,4,1,1
367,2,4,1,4,2,5,4,1,1
293,2,1,1,1,2,3,4,1,1
1472,1,2,1,2,2,3,4,2,NA
288,3,1,2,NA,2,3,2,1,1
1631,1,3,2,NA,1,3,4,1,2
1350,3,5,1,2,1,4,4,1,2
944,3,3,1,2,1,2,4,1,1
1204,2,4,1,5,1,4,4,1,2
777,1,2,1,5,1,3,4,1,1
1337,2,2,2,NA,1,3,4,1,1
704,3,5,1,2,1,3,1,1,2
1043,1,4,1,1,1,4,4,2,NA
742,3,1,1,2,1,3,4,2,NA
335,3,5,1,2,1,5,3,1,1
1661,2,4,2,NA,1,4,4,2,NA
1021,3,4,1,3,1,3,1,1,1
726,1,2,1,2,1,3,4,2,NA
408,2,5,2,NA,1,4,4,1,1
430,3,4,1,3,1,1,4,1,1
648,3,1,1,2,1,4,4,1,1
1566,2,2,1,2,1,2,4,1,1
1687,2,3,2,NA,1,2,1,1,1
1588,2,5,2,NA,1,5,4,1,2
1408,3,5,1,2,2,5,4,1,2
1041,2,2,1,4,2,5,4,1,2
1297,2,2,2,NA,1,3,4,1,1
188,3,5,1,2,2,5,4,1,1
1720,4,5,1,4,2,4,4,1,2
948,1,4,1,5,2,5,4,2,NA
660,2,2,2,NA,1,4,4,1,1
481,2,2,1,2,1,5,2,1,1
1251,3,2,2,NA,1,5,1,1,2
1811,1,4,2,NA,2,3,4,2,NA
906,2,5,1,2,1,2,2,1,1
773,3,3,2,NA,1,4,1,2,NA
679,3,4,2,NA,1,3,4,2,NA
295,2,4,2,NA,1,4,4,1,1
1098,2,4,1,2,1,5,4,2,NA
1331,1,5,1,2,1,4,2,1,1
342,2,3,1,2,1,4,4,1,1
595,2,3,1,2,1,4,4,2,NA
663,1,5,2,NA,2,1,4,1,1
702,3,5,2,NA,1,4,4,1,1
1766,2,5,2,NA,2,4,3,2,NA
1735,2,4,1,2,1,5,4,1,1
1513,2,5,1,4,2,3,4,1,2
628,2,4,2,NA,1,1,4,1,2
994,2,1,1,1,1,4,4,1,1
76,3,5,1,3,2,2,4,1,1
281,2,4,1,2,1,4,4,1,2
1018,2,5,2,NA,1,3,4,1,2
1379,1,2,1,4,1,1,4,2,NA
1741,1,4,1,2,1,4,1,2,NA
41,4,5,2,NA,1,2,3,1,2
1019,3,4,1,2,1,1,4,1,2
1320,2,4,1,2,1,5,4,2,NA
799,2,3,1,3,1,4,4,2,NA
1203,2,1,2,NA,2,2,1,1,1
573,3,1,1,4,1,2,4,2,NA
999,1,3,1,2,2,4,4,1,1
228,2,3,2,NA,1,5,1,1,2
1638,2,3,2,NA,1,5,4,1,1
983,2,2,1,1,1,3,1,2,NA
1749,2,4,2,NA,1,5,3,2,NA
1637,4,5,2,NA,1,3,4,2,NA
1315,2,4,1,1,1,2,4,1,1
1615,2,3,1,2,1,3,4,2,NA
1140,1,4,1,2,1,1,4,2,NA
834,2,3,2,NA,2,2,4,1,1
1079,1,4,1,4,2,4,4,2,NA
1168,2,5,1,4,1,2,4,2,NA
1729,1,5,1,1,1,2,2,1,2
926,2,5,1,5,1,4,4,1,2
935,1,3,1,3,1,4,4,2,NA
1659,1,3,1,3,2,2,4,2,NA
754,2,3,1,4,1,1,4,2,NA
1737,1,5,1,4,2,5,2,1,1
1672,3,1,1,2,1,4,4,1,1
43,2,4,1,4,1,5,4,1,1
833,1,1,1,2,1,3,2,1,1
1415,2,4,1,1,2,5,2,1,1
222,3,5,1,4,1,2,4,2,NA
265,2,3,1,3,1,3,4,1,1
1493,3,4,2,NA,1,2,2,1,1
825,3,5,2,NA,2,4,1,1,2
591,2,5,1,3,1,5,4,2,NA